Author,Rating
Samapti Sinha Mahapatra,4.6 out of 5 stars
Ishinna B. Sadana,4.8 out of 5 stars
Kriti Sharma,4.7 out of 5 stars
Kautilya,4.5 out of 5 stars
एम लक्ष्मीकांत,4.4 out of 5 stars
Lori Gottlieb,4.6 out of 5 stars
PR Yadav,4.4 out of 5 stars
Dr. Chhavi Kalra,4.6 out of 5 stars
R.K. Gupta,4.5 out of 5 stars
Wonder House Books,4.7 out of 5 stars
Rajesh Verma,4.3 out of 5 stars
EduGorilla PREP EXPERT,4.0 out of 5 stars
Wonder House Books,4.7 out of 5 stars
Professional Book Publishers,4.7 out of 5 stars
N/A,4.7 out of 5 stars
N/A,4.8 out of 5 stars
Graduate Management Admission Council,4.4 out of 5 stars
N/A,3.2 out of 5 stars
N/A,4.2 out of 5 stars
Amulya Dhal,4.5 out of 5 stars
N/A,N/A
Wonder House Books,4.7 out of 5 stars
Esther Wojcicki,4.5 out of 5 stars
EduGorilla Prep Experts,4.2 out of 5 stars
N/A,4.3 out of 5 stars
Mangal,4.5 out of 5 stars
Blueprint Editorial Board,4.5 out of 5 stars
N/A,4.2 out of 5 stars
N/A,3.8 out of 5 stars
N/A,5.0 out of 5 stars
EduGorilla Prep Experts,5.0 out of 5 stars
N/A,4.1 out of 5 stars
Gerald Corey,4.5 out of 5 stars
Wonder House Books,4.6 out of 5 stars
Trevor MacKenzie,4.7 out of 5 stars
Dr. Juhi Gupta,4.2 out of 5 stars
Arihant Experts,4.1 out of 5 stars
N/A,3.3 out of 5 stars
N/A,4.4 out of 5 stars
EduGorilla Prep Experts,3.9 out of 5 stars
S L Loney,4.4 out of 5 stars
N/A,4.1 out of 5 stars
N/A,2.9 out of 5 stars
N/A,3.8 out of 5 stars
Mike Thacker Tony Weston & Simon Barefoot & Timothy Guilford Mónica Morcillo Laiz & José Antonio García Sánchez,4.3 out of 5 stars
N/A,4.5 out of 5 stars
EduGorilla Prep Experts,3.7 out of 5 stars
N/A,3.0 out of 5 stars
N/A,4.7 out of 5 stars
Princeton Review,3.3 out of 5 stars
